{
  "partners": [
    {
      "title": "Partner 1",
      "text": "Beschreibung 1",
      "link": "https://example.com/1",
      "logo": "p1.gif",
      "enabled": false
    },
    {
      "title": "Partner 2",
      "text": "Beschreibung 2",
      "link": "https://example.com/2",
      "logo": "p2.png",
      "enabled": false
    },
    {
      "title": "Partner 3",
      "text": "Beschreibung 3",
      "link": "https://example.com/3",
      "logo": "p3.gif",
      "enabled": false
    },
    {
      "title": "Partner 4",
      "text": "Beschreibung 4",
      "link": "https://example.com/4",
      "logo": "p4.png",
      "enabled": false
    },
    {
      "title": "Partner 5",
      "text": "Beschreibung 5",
      "link": "https://example.com/5",
      "logo": "p5.gif",
      "enabled": false
    }
  ]
}